timestamp,username,ip_address,country,status,device_type
2026-07-01 13:39:45,user_16,21.73.167.18,AU,Success,Mobile-Android
2026-07-01 13:40:26,user_20,111.188.199.172,IN,Success,Workstation-Windows
2026-07-01 14:04:16,user_15,131.229.51.135,JP,Success,Mobile-iOS
2026-07-01 14:11:15,user_2,107.72.189.21,FR,Failed,Workstation-Windows
2026-07-01 15:04:38,user_9,204.58.22.253,IN,Failed,Mobile-iOS
2026-07-01 16:09:48,user_18,242.250.9.90,US,Success,Mobile-iOS
2026-07-01 16:16:28,user_15,131.229.51.135,JP,Success,Mobile-iOS
2026-07-01 17:05:01,user_3,103.122.211.215,GB,Success,Server-Linux
2026-07-01 17:33:21,user_8,192.188.21.161,JP,Success,Laptop-macOS
2026-07-01 17:42:23,root,206.81.164.50,JP,Success,Laptop-macOS
2026-07-01 18:31:53,user_13,175.190.51.108,US,Success,Mobile-iOS
2026-07-01 19:03:20,user_7,236.158.38.130,GB,Success,Workstation-Windows
2026-07-01 19:08:58,user_10,236.89.49.219,AU,Success,Workstation-Windows
2026-07-01 19:13:12,user_20,111.188.199.172,IN,Success,Workstation-Windows
2026-07-01 19:42:53,user_13,175.190.51.108,US,Success,Server-Linux
2026-07-01 20:15:58,user_17,132.89.60.14,AU,Success,Server-Linux
2026-07-01 20:25:54,user_14,55.244.64.249,DE,Failed,Laptop-macOS
2026-07-01 21:21:27,user_9,204.58.22.253,IN,Success,Server-Linux
2026-07-01 21:27:26,user_7,236.158.38.130,GB,Success,Mobile-iOS
2026-07-01 21:36:47,root,206.81.164.50,JP,Success,Server-Linux
2026-07-01 21:44:44,user_17,132.89.60.14,AU,Success,Mobile-Android
2026-07-01 21:45:42,user_8,192.188.21.161,JP,Success,Workstation-Windows
2026-07-01 21:56:44,user_1,103.180.93.15,FR,Success,Laptop-macOS
2026-07-01 21:59:10,user_14,55.244.64.249,DE,Success,Mobile-Android
2026-07-01 22:13:31,user_5,100.104.152.131,US,Failed,Mobile-Android
2026-07-01 22:17:47,admin,253.8.175.35,AU,Success,Server-Linux
2026-07-01 22:21:42,user_16,21.73.167.18,AU,Success,Mobile-Android
2026-07-01 22:25:06,user_4,75.203.88.117,FR,Success,Mobile-Android
2026-07-01 22:28:40,user_4,75.203.88.117,FR,Success,Mobile-iOS
2026-07-01 22:28:47,user_13,175.190.51.108,US,Success,Server-Linux
2026-07-01 22:35:26,root,206.81.164.50,JP,Success,Server-Linux
2026-07-01 22:36:45,admin,253.8.175.35,AU,Success,Server-Linux
2026-07-01 22:38:51,user_9,204.58.22.253,IN,Success,Laptop-macOS
2026-07-01 22:40:24,user_18,242.250.9.90,US,Success,Laptop-macOS
2026-07-01 22:42:16,user_15,131.229.51.135,JP,Success,Mobile-Android
2026-07-01 22:52:07,user_9,204.58.22.253,IN,Success,Laptop-macOS
2026-07-01 22:52:56,user_12,208.15.190.190,DE,Success,Laptop-macOS
2026-07-01 22:54:13,user_16,21.73.167.18,AU,Success,Server-Linux
2026-07-01 23:01:18,user_13,175.190.51.108,US,Failed,Server-Linux
2026-07-01 23:08:00,user_13,175.190.51.108,US,Failed,Laptop-macOS
2026-07-01 23:30:24,user_9,204.58.22.253,IN,Success,Workstation-Windows
2026-07-01 23:31:02,user_12,208.15.190.190,DE,Success,Mobile-Android
2026-07-01 23:42:06,user_4,75.203.88.117,FR,Success,Workstation-Windows
2026-07-01 23:42:57,user_4,75.203.88.117,FR,Success,Mobile-iOS
2026-07-01 23:49:00,user_2,107.72.189.21,FR,Success,Mobile-Android
2026-07-01 23:58:14,user_11,59.170.220.188,JP,Success,Mobile-Android
2026-07-02 00:12:04,admin,253.8.175.35,AU,Success,Mobile-Android
2026-07-02 00:12:34,user_7,236.158.38.130,GB,Success,Mobile-Android
2026-07-02 00:16:08,user_1,103.180.93.15,FR,Success,Server-Linux
2026-07-02 00:33:20,user_5,100.104.152.131,US,Success,Laptop-macOS
2026-07-02 00:40:48,user_13,175.190.51.108,US,Success,Server-Linux
2026-07-02 00:45:06,user_2,107.72.189.21,FR,Failed,Mobile-iOS
2026-07-02 00:46:03,admin,253.8.175.35,AU,Failed,Server-Linux
2026-07-02 00:50:25,user_14,55.244.64.249,DE,Success,Mobile-iOS
2026-07-02 01:13:19,user_15,131.229.51.135,JP,Success,Server-Linux
2026-07-02 01:26:06,user_7,236.158.38.130,GB,Success,Server-Linux
2026-07-02 01:29:37,user_16,21.73.167.18,AU,Success,Server-Linux
2026-07-02 01:34:00,user_2,107.72.189.21,FR,Success,Mobile-iOS
2026-07-02 01:39:08,user_8,192.188.21.161,JP,Success,Mobile-iOS
2026-07-02 01:39:31,root,206.81.164.50,JP,Success,Laptop-macOS
2026-07-02 01:43:51,user_2,107.72.189.21,FR,Success,Server-Linux
2026-07-02 02:10:39,user_19,53.130.84.92,AU,Failed,Mobile-Android
2026-07-02 02:17:15,admin,253.8.175.35,AU,Success,Mobile-iOS
2026-07-02 02:20:21,db_backup,104.132.2.254,US,Success,Workstation-Windows
2026-07-02 02:22:20,admin,253.8.175.35,AU,Success,Laptop-macOS
2026-07-02 02:23:33,root,206.81.164.50,JP,Success,Mobile-Android
2026-07-02 02:26:55,user_11,59.170.220.188,JP,Success,Mobile-iOS
2026-07-02 02:26:59,user_1,103.180.93.15,FR,Success,Mobile-Android
2026-07-02 02:35:32,user_11,59.170.220.188,JP,Success,Workstation-Windows
2026-07-02 02:35:44,user_6,150.53.2.88,US,Success,Server-Linux
2026-07-02 02:45:47,user_4,75.203.88.117,FR,Success,Mobile-Android
2026-07-02 02:47:42,root,206.81.164.50,JP,Success,Workstation-Windows
2026-07-02 02:50:30,user_8,192.188.21.161,JP,Success,Mobile-iOS
2026-07-02 03:04:29,user_20,111.188.199.172,IN,Success,Laptop-macOS
2026-07-02 03:12:03,user_7,236.158.38.130,GB,Success,Mobile-iOS
2026-07-02 03:24:50,user_5,100.104.152.131,US,Success,Mobile-Android
2026-07-02 03:27:43,root,206.81.164.50,JP,Success,Mobile-Android
2026-07-02 03:38:20,user_17,132.89.60.14,AU,Failed,Mobile-Android
2026-07-02 03:46:35,root,206.81.164.50,JP,Success,Mobile-Android
2026-07-02 03:52:10,admin,253.8.175.35,AU,Failed,Workstation-Windows
2026-07-02 04:13:09,user_20,111.188.199.172,IN,Success,Mobile-Android
2026-07-02 04:17:36,db_backup,104.132.2.254,US,Success,Laptop-macOS
2026-07-02 04:20:07,user_15,131.229.51.135,JP,Success,Server-Linux
2026-07-02 04:31:14,user_5,100.104.152.131,US,Success,Laptop-macOS
2026-07-02 04:34:38,user_1,103.180.93.15,FR,Success,Server-Linux
2026-07-02 04:35:43,user_19,53.130.84.92,AU,Success,Mobile-Android
2026-07-02 04:37:11,root,206.81.164.50,JP,Success,Mobile-Android
2026-07-02 04:41:23,user_12,208.15.190.190,DE,Success,Mobile-iOS
2026-07-02 04:45:53,user_15,131.229.51.135,JP,Success,Laptop-macOS
2026-07-02 04:56:06,user_6,150.53.2.88,US,Success,Mobile-iOS
2026-07-02 04:57:15,user_16,21.73.167.18,AU,Success,Mobile-iOS
2026-07-02 05:14:17,user_3,103.122.211.215,GB,Success,Mobile-iOS
2026-07-02 05:21:34,user_15,131.229.51.135,JP,Success,Workstation-Windows
2026-07-02 05:22:30,db_backup,104.132.2.254,US,Success,Mobile-iOS
2026-07-02 05:32:54,user_8,192.188.21.161,JP,Success,Mobile-iOS
2026-07-02 05:45:14,user_11,59.170.220.188,JP,Success,Server-Linux
2026-07-02 05:58:19,user_20,111.188.199.172,IN,Success,Server-Linux
2026-07-02 06:17:04,admin,253.8.175.35,AU,Success,Mobile-Android
2026-07-02 06:17:35,user_13,175.190.51.108,US,Success,Workstation-Windows
2026-07-02 06:29:02,user_7,236.158.38.130,GB,Success,Laptop-macOS
2026-07-02 06:37:34,user_9,204.58.22.253,IN,Success,Mobile-iOS
2026-07-02 06:38:46,user_18,242.250.9.90,US,Success,Server-Linux
2026-07-02 07:01:07,user_9,204.58.22.253,IN,Failed,Server-Linux
2026-07-02 07:14:07,user_9,204.58.22.253,IN,Success,Laptop-macOS
2026-07-02 07:15:19,user_17,132.89.60.14,AU,Success,Server-Linux
2026-07-02 07:25:38,user_11,59.170.220.188,JP,Success,Server-Linux
2026-07-02 07:27:32,user_17,132.89.60.14,AU,Failed,Server-Linux
2026-07-02 07:28:58,user_6,150.53.2.88,US,Success,Mobile-iOS
2026-07-02 07:41:59,user_5,100.104.152.131,US,Success,Server-Linux
2026-07-02 07:47:20,user_15,131.229.51.135,JP,Success,Workstation-Windows
2026-07-02 07:51:08,admin,253.8.175.35,AU,Success,Workstation-Windows
2026-07-02 07:52:07,user_19,53.130.84.92,AU,Success,Workstation-Windows
2026-07-02 08:03:19,user_19,53.130.84.92,AU,Success,Server-Linux
2026-07-02 08:20:07,user_4,75.203.88.117,FR,Success,Mobile-iOS
2026-07-02 08:21:27,user_16,21.73.167.18,AU,Failed,Mobile-iOS
2026-07-02 08:21:32,user_17,132.89.60.14,AU,Success,Server-Linux
2026-07-02 08:32:52,user_4,75.203.88.117,FR,Success,Laptop-macOS
2026-07-02 08:34:10,user_20,111.188.199.172,IN,Success,Workstation-Windows
2026-07-02 08:34:18,db_backup,104.132.2.254,US,Failed,Server-Linux
2026-07-02 08:34:20,user_2,107.72.189.21,FR,Success,Server-Linux
2026-07-02 08:39:10,user_8,192.188.21.161,JP,Success,Mobile-iOS
2026-07-02 08:39:20,user_18,242.250.9.90,US,Success,Workstation-Windows
2026-07-02 08:40:11,user_10,236.89.49.219,AU,Success,Laptop-macOS
2026-07-02 08:54:05,user_18,242.250.9.90,US,Failed,Mobile-Android
2026-07-02 08:57:25,user_2,107.72.189.21,FR,Success,Workstation-Windows
2026-07-02 09:20:18,user_9,204.58.22.253,IN,Success,Mobile-iOS
2026-07-02 09:25:04,user_18,242.250.9.90,US,Success,Workstation-Windows
2026-07-02 09:55:56,user_8,192.188.21.161,JP,Success,Mobile-iOS
2026-07-02 10:31:17,user_14,55.244.64.249,DE,Success,Workstation-Windows
2026-07-02 10:49:37,user_16,21.73.167.18,AU,Success,Mobile-Android
2026-07-02 12:11:54,user_19,53.130.84.92,AU,Success,Mobile-iOS
2026-07-02 12:37:32,user_13,175.190.51.108,US,Success,Mobile-Android
2026-07-02 12:49:05,user_4,75.203.88.117,FR,Success,Workstation-Windows
2026-07-02 13:04:52,user_6,150.53.2.88,US,Success,Mobile-iOS
2026-07-02 13:35:39,user_11,59.170.220.188,JP,Success,Mobile-iOS
2026-07-02 13:42:13,user_10,236.89.49.219,AU,Success,Mobile-iOS
2026-07-02 13:54:42,user_5,100.104.152.131,US,Success,Server-Linux
2026-07-02 14:06:18,user_3,103.122.211.215,GB,Success,Mobile-iOS
2026-07-02 15:31:40,user_19,53.130.84.92,AU,Success,Laptop-macOS
2026-07-02 15:31:58,user_13,175.190.51.108,US,Success,Mobile-iOS
2026-07-02 15:37:50,user_12,208.15.190.190,DE,Success,Workstation-Windows
2026-07-02 15:38:51,root,206.81.164.50,JP,Success,Server-Linux
2026-07-02 15:41:52,user_20,111.188.199.172,IN,Failed,Workstation-Windows
2026-07-02 15:43:16,user_1,103.180.93.15,FR,Success,Mobile-Android
2026-07-02 16:01:40,user_9,204.58.22.253,IN,Success,Mobile-iOS
2026-07-02 16:16:46,user_13,175.190.51.108,US,Success,Mobile-Android
2026-07-02 16:20:20,user_11,59.170.220.188,JP,Failed,Server-Linux
2026-07-02 16:43:46,user_5,100.104.152.131,US,Success,Server-Linux
2026-07-02 17:16:10,db_backup,104.132.2.254,US,Success,Workstation-Windows
2026-07-02 17:23:49,user_15,131.229.51.135,JP,Success,Mobile-iOS
2026-07-02 17:42:10,user_1,103.180.93.15,FR,Success,Mobile-iOS
2026-07-02 18:10:37,user_1,103.180.93.15,FR,Success,Workstation-Windows
2026-07-02 18:13:12,user_14,55.244.64.249,DE,Success,Mobile-iOS
2026-07-02 19:25:22,user_2,107.72.189.21,FR,Failed,Mobile-Android
2026-07-02 19:40:50,user_5,100.104.152.131,US,Success,Mobile-iOS
2026-07-02 21:34:03,user_6,150.53.2.88,US,Success,Mobile-iOS
2026-07-02 21:43:49,user_15,131.229.51.135,JP,Success,Workstation-Windows
2026-07-02 22:08:42,db_backup,104.132.2.254,US,Success,Workstation-Windows
2026-07-02 22:09:54,user_5,100.104.152.131,US,Success,Laptop-macOS
2026-07-02 22:18:11,user_16,21.73.167.18,AU,Success,Mobile-Android
2026-07-02 22:18:46,user_4,75.203.88.117,FR,Success,Mobile-Android
2026-07-02 22:22:58,user_16,21.73.167.18,AU,Success,Mobile-Android
2026-07-02 22:29:34,user_1,103.180.93.15,FR,Success,Server-Linux
2026-07-02 22:29:34,user_1,103.180.93.15,FR,Success,Server-Linux
2026-07-02 22:43:46,user_6,150.53.2.88,US,Success,Laptop-macOS
2026-07-02 22:52:28,user_15,131.229.51.135,JP,Success,Laptop-macOS
2026-07-02 22:55:32,root,206.81.164.50,JP,Failed,Mobile-Android
2026-07-02 23:01:51,user_3,103.122.211.215,GB,Success,Workstation-Windows
2026-07-02 23:04:48,user_17,132.89.60.14,AU,Success,Mobile-Android
2026-07-02 23:14:32,user_14,55.244.64.249,DE,Success,Mobile-Android
2026-07-02 23:15:24,user_3,103.122.211.215,GB,Success,Laptop-macOS
2026-07-02 23:16:39,user_8,192.188.21.161,JP,Success,Mobile-Android
2026-07-02 23:19:51,user_17,132.89.60.14,AU,Success,Workstation-Windows
2026-07-02 23:26:35,user_2,107.72.189.21,FR,Success,Mobile-iOS
2026-07-02 23:46:57,user_12,208.15.190.190,DE,Success,Server-Linux
2026-07-02 23:47:29,user_17,132.89.60.14,AU,Success,Workstation-Windows
2026-07-02 23:48:04,user_11,59.170.220.188,JP,Success,Mobile-Android
2026-07-02 23:58:02,user_15,131.229.51.135,JP,Success,Mobile-Android
2026-07-03 00:13:05,user_3,103.122.211.215,GB,Success,Mobile-iOS
2026-07-03 00:21:52,root,206.81.164.50,JP,Success,Mobile-Android
2026-07-03 00:27:46,user_14,55.244.64.249,DE,Success,Mobile-Android
2026-07-03 00:33:28,user_9,204.58.22.253,IN,Success,Server-Linux
2026-07-03 00:36:06,db_backup,104.132.2.254,US,Failed,Mobile-Android
2026-07-03 00:37:25,user_19,53.130.84.92,AU,Success,Mobile-Android
2026-07-03 00:41:43,user_17,132.89.60.14,AU,Success,Workstation-Windows
2026-07-03 00:46:58,user_9,204.58.22.253,IN,Success,Workstation-Windows
2026-07-03 00:57:19,user_1,103.180.93.15,FR,Success,Workstation-Windows
2026-07-03 00:59:01,user_14,55.244.64.249,DE,Success,Mobile-Android
2026-07-03 01:01:31,user_15,131.229.51.135,JP,Success,Mobile-iOS
2026-07-03 01:01:54,user_19,53.130.84.92,AU,Success,Server-Linux
2026-07-03 01:02:39,user_4,75.203.88.117,FR,Success,Server-Linux
2026-07-03 01:04:55,user_1,103.180.93.15,FR,Success,Mobile-Android
2026-07-03 01:17:58,user_19,53.130.84.92,AU,Success,Server-Linux
2026-07-03 01:21:50,user_7,236.158.38.130,GB,Success,Workstation-Windows
2026-07-03 01:24:31,user_19,53.130.84.92,AU,Success,Mobile-iOS
2026-07-03 01:26:26,user_19,53.130.84.92,AU,Success,Laptop-macOS
2026-07-03 01:33:24,admin,253.8.175.35,AU,Success,Server-Linux
2026-07-03 01:36:28,user_18,242.250.9.90,US,Success,Laptop-macOS
2026-07-03 01:42:34,user_9,204.58.22.253,IN,Success,Mobile-Android
2026-07-03 01:47:03,user_9,204.58.22.253,IN,Success,Laptop-macOS
2026-07-03 01:47:32,user_11,59.170.220.188,JP,Success,Workstation-Windows
2026-07-03 01:52:29,user_17,132.89.60.14,AU,Failed,Workstation-Windows
2026-07-03 02:02:17,user_5,100.104.152.131,US,Success,Mobile-Android
2026-07-03 02:07:23,user_6,150.53.2.88,US,Success,Mobile-iOS
2026-07-03 02:11:26,user_14,55.244.64.249,DE,Success,Server-Linux
2026-07-03 02:20:47,user_6,150.53.2.88,US,Success,Mobile-Android
2026-07-03 02:26:31,user_4,75.203.88.117,FR,Success,Laptop-macOS
2026-07-03 02:28:15,user_13,175.190.51.108,US,Success,Workstation-Windows
2026-07-03 02:30:09,user_4,75.203.88.117,FR,Success,Workstation-Windows
2026-07-03 02:32:48,user_15,131.229.51.135,JP,Success,Mobile-iOS
2026-07-03 02:40:17,user_13,175.190.51.108,US,Success,Mobile-iOS
2026-07-03 02:55:04,user_9,204.58.22.253,IN,Success,Mobile-iOS
2026-07-03 02:55:30,db_backup,104.132.2.254,US,Success,Mobile-Android
2026-07-03 03:14:51,user_8,192.188.21.161,JP,Success,Mobile-iOS
2026-07-03 03:21:55,user_14,55.244.64.249,DE,Success,Laptop-macOS
2026-07-03 03:25:26,user_11,59.170.220.188,JP,Success,Mobile-iOS
2026-07-03 03:26:55,user_13,175.190.51.108,US,Success,Workstation-Windows
2026-07-03 03:40:26,db_backup,104.132.2.254,US,Success,Laptop-macOS
2026-07-03 03:45:17,user_10,236.89.49.219,AU,Success,Mobile-iOS
2026-07-03 03:47:35,user_5,100.104.152.131,US,Success,Mobile-Android
2026-07-03 03:48:48,user_19,53.130.84.92,AU,Success,Mobile-Android
2026-07-03 03:50:06,user_12,208.15.190.190,DE,Success,Mobile-iOS
2026-07-03 04:10:40,user_12,208.15.190.190,DE,Success,Mobile-iOS
2026-07-03 04:12:45,user_7,236.158.38.130,GB,Success,Mobile-iOS
2026-07-03 04:19:08,admin,253.8.175.35,AU,Success,Workstation-Windows
2026-07-03 04:23:32,user_4,75.203.88.117,FR,Failed,Mobile-iOS
2026-07-03 04:32:17,user_2,107.72.189.21,FR,Success,Laptop-macOS
2026-07-03 04:34:07,user_11,59.170.220.188,JP,Success,Workstation-Windows
2026-07-03 04:38:34,user_15,131.229.51.135,JP,Success,Laptop-macOS
2026-07-03 04:43:52,user_4,75.203.88.117,FR,Success,Laptop-macOS
2026-07-03 04:50:26,user_9,204.58.22.253,IN,Success,Server-Linux
2026-07-03 04:50:27,user_10,236.89.49.219,AU,Success,Laptop-macOS
2026-07-03 05:07:17,root,206.81.164.50,JP,Failed,Workstation-Windows
2026-07-03 05:14:00,db_backup,104.132.2.254,US,Success,Workstation-Windows
2026-07-03 05:18:26,user_20,111.188.199.172,IN,Success,Laptop-macOS
2026-07-03 05:23:45,user_9,204.58.22.253,IN,Failed,Mobile-Android
2026-07-03 05:25:11,admin,253.8.175.35,AU,Success,Laptop-macOS
2026-07-03 05:32:11,user_6,150.53.2.88,US,Success,Workstation-Windows
2026-07-03 05:43:22,user_10,236.89.49.219,AU,Failed,Laptop-macOS
2026-07-03 05:46:10,user_3,103.122.211.215,GB,Success,Mobile-Android
2026-07-03 05:47:46,user_16,21.73.167.18,AU,Success,Server-Linux
2026-07-03 06:20:06,user_11,59.170.220.188,JP,Success,Server-Linux
2026-07-03 06:29:23,user_12,208.15.190.190,DE,Success,Mobile-Android
2026-07-03 06:43:47,user_13,175.190.51.108,US,Success,Server-Linux
2026-07-03 06:44:41,user_6,150.53.2.88,US,Success,Mobile-Android
2026-07-03 06:45:28,admin,253.8.175.35,AU,Success,Server-Linux
2026-07-03 07:01:22,user_14,55.244.64.249,DE,Success,Mobile-iOS
2026-07-03 07:09:36,user_1,103.180.93.15,FR,Success,Mobile-Android
2026-07-03 07:12:45,user_19,53.130.84.92,AU,Success,Mobile-iOS
2026-07-03 07:13:42,admin,253.8.175.35,AU,Success,Laptop-macOS
2026-07-03 07:14:11,user_11,59.170.220.188,JP,Success,Laptop-macOS
2026-07-03 07:17:24,user_10,236.89.49.219,AU,Success,Laptop-macOS
2026-07-03 07:18:26,user_20,111.188.199.172,IN,Success,Server-Linux
2026-07-03 07:26:07,user_9,204.58.22.253,IN,Success,Server-Linux
2026-07-03 07:38:20,db_backup,104.132.2.254,US,Success,Server-Linux
2026-07-03 07:43:40,user_8,192.188.21.161,JP,Failed,Mobile-Android
2026-07-03 07:44:43,user_2,107.72.189.21,FR,Success,Laptop-macOS
2026-07-03 07:51:32,user_12,208.15.190.190,DE,Success,Mobile-Android
2026-07-03 07:57:41,user_11,59.170.220.188,JP,Success,Mobile-Android
2026-07-03 08:07:23,user_14,55.244.64.249,DE,Success,Laptop-macOS
2026-07-03 08:09:28,user_16,21.73.167.18,AU,Success,Mobile-iOS
2026-07-03 08:16:42,user_19,53.130.84.92,AU,Success,Laptop-macOS
2026-07-03 08:17:50,user_17,132.89.60.14,AU,Success,Server-Linux
2026-07-03 08:19:10,user_10,236.89.49.219,AU,Success,Laptop-macOS
2026-07-03 08:32:50,user_2,107.72.189.21,FR,Success,Mobile-Android
2026-07-03 08:53:49,user_11,59.170.220.188,JP,Success,Server-Linux
2026-07-03 08:58:12,user_9,204.58.22.253,IN,Success,Mobile-Android
2026-07-03 09:07:30,user_5,100.104.152.131,US,Success,Mobile-iOS
2026-07-03 09:07:49,user_11,59.170.220.188,JP,Success,Laptop-macOS
2026-07-03 09:10:55,user_12,208.15.190.190,DE,Success,Workstation-Windows
2026-07-03 09:13:31,root,206.81.164.50,JP,Success,Server-Linux
2026-07-03 09:17:37,user_19,53.130.84.92,AU,Success,Mobile-Android
2026-07-03 09:21:42,user_13,175.190.51.108,US,Success,Mobile-iOS
2026-07-03 09:24:03,user_10,236.89.49.219,AU,Success,Mobile-iOS
2026-07-03 10:17:42,user_7,236.158.38.130,GB,Success,Server-Linux
2026-07-03 11:37:52,user_13,175.190.51.108,US,Success,Mobile-Android
2026-07-03 11:49:40,admin,253.8.175.35,AU,Success,Workstation-Windows
2026-07-03 12:08:50,user_18,242.250.9.90,US,Success,Mobile-Android
2026-07-03 12:11:16,user_2,107.72.189.21,FR,Success,Laptop-macOS
2026-07-03 12:24:05,user_8,192.188.21.161,JP,Success,Mobile-iOS
2026-07-03 12:42:36,user_3,103.122.211.215,GB,Success,Server-Linux
2026-07-03 13:01:57,user_4,75.203.88.117,FR,Success,Mobile-Android
2026-07-03 13:08:41,db_backup,104.132.2.254,US,Success,Mobile-Android
2026-07-03 13:09:48,user_6,150.53.2.88,US,Success,Laptop-macOS
2026-07-03 13:21:19,user_13,175.190.51.108,US,Success,Mobile-Android
2026-07-03 13:34:47,user_20,111.188.199.172,IN,Success,Workstation-Windows
2026-07-03 14:01:59,user_4,75.203.88.117,FR,Success,Laptop-macOS
2026-07-03 14:30:09,user_5,100.104.152.131,US,Success,Mobile-iOS
2026-07-03 15:09:51,user_7,236.158.38.130,GB,Success,Mobile-iOS
2026-07-03 15:41:36,user_13,175.190.51.108,US,Success,Laptop-macOS
2026-07-03 16:15:43,user_8,192.188.21.161,JP,Success,Mobile-Android
2026-07-03 16:42:12,db_backup,198.51.100.99,KP,Failed,Server-Linux
2026-07-03 16:43:12,db_backup,198.51.100.99,KP,Success,Server-Linux
2026-07-03 17:56:50,db_backup,104.132.2.254,US,Success,Laptop-macOS
2026-07-03 18:00:22,user_4,75.203.88.117,FR,Success,Mobile-iOS
2026-07-03 18:25:37,user_16,21.73.167.18,AU,Failed,Workstation-Windows
2026-07-03 18:40:51,user_10,236.89.49.219,AU,Success,Server-Linux
2026-07-03 19:07:18,user_16,21.73.167.18,AU,Success,Workstation-Windows
2026-07-03 19:19:53,user_8,192.188.21.161,JP,Success,Mobile-Android
2026-07-03 19:42:58,user_11,59.170.220.188,JP,Success,Server-Linux
2026-07-03 20:48:47,root,206.81.164.50,JP,Success,Mobile-iOS
2026-07-03 21:06:45,user_13,175.190.51.108,US,Success,Server-Linux
2026-07-03 21:36:47,user_7,236.158.38.130,GB,Success,Workstation-Windows
2026-07-03 21:43:19,admin,253.8.175.35,AU,Success,Server-Linux
2026-07-03 21:54:35,user_12,208.15.190.190,DE,Success,Mobile-iOS
2026-07-03 22:03:09,user_12,208.15.190.190,DE,Failed,Mobile-Android
2026-07-03 22:10:00,user_20,111.188.199.172,IN,Success,Server-Linux
2026-07-03 22:19:19,user_10,236.89.49.219,AU,Success,Mobile-iOS
2026-07-03 22:21:33,user_12,208.15.190.190,DE,Success,Server-Linux
2026-07-03 22:24:11,user_17,132.89.60.14,AU,Success,Workstation-Windows
2026-07-03 22:29:30,user_20,111.188.199.172,IN,Success,Mobile-Android
2026-07-03 22:34:47,user_18,242.250.9.90,US,Success,Server-Linux
2026-07-03 23:31:31,user_19,53.130.84.92,AU,Success,Mobile-Android
2026-07-03 23:50:10,user_18,242.250.9.90,US,Success,Mobile-iOS
2026-07-03 23:55:10,user_19,53.130.84.92,AU,Success,Laptop-macOS
2026-07-04 00:00:32,user_19,53.130.84.92,AU,Success,Server-Linux
2026-07-04 00:08:30,user_6,150.53.2.88,US,Success,Workstation-Windows
2026-07-04 00:08:45,user_13,175.190.51.108,US,Success,Server-Linux
2026-07-04 00:29:11,user_3,103.122.211.215,GB,Success,Laptop-macOS
2026-07-04 00:29:56,user_6,150.53.2.88,US,Success,Mobile-Android
2026-07-04 00:41:17,user_4,75.203.88.117,FR,Success,Laptop-macOS
2026-07-04 00:50:08,user_1,103.180.93.15,FR,Success,Server-Linux
2026-07-04 01:00:49,admin,253.8.175.35,AU,Success,Server-Linux
2026-07-04 01:07:47,user_18,242.250.9.90,US,Success,Laptop-macOS
2026-07-04 01:08:36,user_17,132.89.60.14,AU,Success,Workstation-Windows
2026-07-04 01:12:43,db_backup,104.132.2.254,US,Success,Laptop-macOS
2026-07-04 01:20:16,user_16,21.73.167.18,AU,Success,Server-Linux
2026-07-04 01:25:06,user_19,53.130.84.92,AU,Success,Workstation-Windows
2026-07-04 01:32:36,user_1,103.180.93.15,FR,Success,Server-Linux
2026-07-04 01:35:34,db_backup,104.132.2.254,US,Success,Workstation-Windows
2026-07-04 01:35:40,user_19,53.130.84.92,AU,Success,Server-Linux
2026-07-04 01:45:17,user_2,107.72.189.21,FR,Success,Server-Linux
2026-07-04 01:53:55,user_19,53.130.84.92,AU,Success,Workstation-Windows
2026-07-04 01:56:28,user_17,132.89.60.14,AU,Success,Server-Linux
2026-07-04 01:58:33,user_4,75.203.88.117,FR,Success,Mobile-Android
2026-07-04 02:04:35,user_6,150.53.2.88,US,Success,Mobile-Android
2026-07-04 02:13:39,user_16,21.73.167.18,AU,Success,Server-Linux
2026-07-04 02:15:23,user_6,150.53.2.88,US,Success,Mobile-Android
2026-07-04 02:27:25,user_17,132.89.60.14,AU,Success,Server-Linux
2026-07-04 02:35:17,user_17,132.89.60.14,AU,Success,Mobile-iOS
2026-07-04 02:41:38,db_backup,104.132.2.254,US,Success,Workstation-Windows
2026-07-04 02:54:06,user_6,150.53.2.88,US,Success,Workstation-Windows
2026-07-04 03:02:46,user_6,150.53.2.88,US,Success,Mobile-Android
2026-07-04 03:16:25,root,206.81.164.50,JP,Failed,Workstation-Windows
2026-07-04 03:23:33,db_backup,104.132.2.254,US,Success,Workstation-Windows
2026-07-04 03:28:21,user_4,75.203.88.117,FR,Success,Server-Linux
2026-07-04 03:32:02,user_20,111.188.199.172,IN,Success,Workstation-Windows
2026-07-04 03:41:27,user_10,236.89.49.219,AU,Success,Mobile-iOS
2026-07-04 03:53:43,user_16,21.73.167.18,AU,Success,Mobile-iOS
2026-07-04 03:54:55,user_17,132.89.60.14,AU,Success,Mobile-iOS
2026-07-04 03:57:55,user_4,75.203.88.117,FR,Success,Laptop-macOS
2026-07-04 04:06:48,db_backup,104.132.2.254,US,Success,Workstation-Windows
2026-07-04 04:12:11,admin,253.8.175.35,AU,Success,Mobile-iOS
2026-07-04 04:13:55,user_7,236.158.38.130,GB,Success,Mobile-Android
2026-07-04 04:17:16,user_11,59.170.220.188,JP,Success,Laptop-macOS
2026-07-04 04:50:23,user_16,21.73.167.18,AU,Failed,Laptop-macOS
2026-07-04 04:51:01,user_1,103.180.93.15,FR,Success,Mobile-iOS
2026-07-04 04:56:40,user_13,175.190.51.108,US,Success,Mobile-iOS
2026-07-04 04:59:31,user_6,150.53.2.88,US,Success,Laptop-macOS
2026-07-04 05:01:49,user_18,242.250.9.90,US,Success,Laptop-macOS
2026-07-04 05:04:37,user_1,103.180.93.15,FR,Success,Workstation-Windows
2026-07-04 05:21:08,db_backup,104.132.2.254,US,Success,Mobile-iOS
2026-07-04 05:31:29,user_18,242.250.9.90,US,Success,Server-Linux
2026-07-04 05:33:01,user_11,59.170.220.188,JP,Success,Mobile-Android
2026-07-04 05:39:15,admin,253.8.175.35,AU,Success,Workstation-Windows
2026-07-04 05:42:19,admin,253.8.175.35,AU,Failed,Workstation-Windows
2026-07-04 05:50:34,user_20,111.188.199.172,IN,Success,Laptop-macOS
2026-07-04 06:10:16,user_15,131.229.51.135,JP,Success,Mobile-iOS
2026-07-04 06:10:16,root,206.81.164.50,JP,Success,Laptop-macOS
2026-07-04 06:18:04,root,206.81.164.50,JP,Success,Server-Linux
2026-07-04 06:20:49,user_13,175.190.51.108,US,Success,Laptop-macOS
2026-07-04 06:26:23,user_11,59.170.220.188,JP,Success,Server-Linux
2026-07-04 06:30:10,user_8,192.188.21.161,JP,Success,Workstation-Windows
2026-07-04 06:34:40,user_8,192.188.21.161,JP,Success,Mobile-Android
2026-07-04 06:35:25,user_5,100.104.152.131,US,Success,Mobile-iOS
2026-07-04 06:40:15,user_4,75.203.88.117,FR,Success,Server-Linux
2026-07-04 06:45:22,db_backup,104.132.2.254,US,Failed,Workstation-Windows
2026-07-04 06:49:43,user_17,132.89.60.14,AU,Success,Laptop-macOS
2026-07-04 06:51:11,user_8,192.188.21.161,JP,Success,Workstation-Windows
2026-07-04 07:10:15,user_1,103.180.93.15,FR,Success,Mobile-iOS
2026-07-04 07:27:46,user_3,103.122.211.215,GB,Success,Mobile-Android
2026-07-04 07:50:22,user_11,59.170.220.188,JP,Success,Workstation-Windows
2026-07-04 07:54:51,user_1,103.180.93.15,FR,Success,Mobile-Android
2026-07-04 08:00:10,user_12,208.15.190.190,DE,Success,Mobile-iOS
2026-07-04 08:04:28,user_14,55.244.64.249,DE,Failed,Laptop-macOS
2026-07-04 08:14:29,root,206.81.164.50,JP,Success,Mobile-Android
2026-07-04 08:18:23,user_15,131.229.51.135,JP,Success,Server-Linux
2026-07-04 08:20:47,user_19,53.130.84.92,AU,Success,Workstation-Windows
2026-07-04 08:35:19,user_15,131.229.51.135,JP,Success,Mobile-Android
2026-07-04 08:42:14,db_backup,104.132.2.254,US,Success,Workstation-Windows
2026-07-04 09:07:24,user_16,21.73.167.18,AU,Success,Mobile-Android
2026-07-04 09:11:31,user_17,132.89.60.14,AU,Success,Mobile-iOS
2026-07-04 09:11:47,user_6,150.53.2.88,US,Success,Server-Linux
2026-07-04 09:15:32,user_9,204.58.22.253,IN,Success,Workstation-Windows
2026-07-04 09:17:28,user_3,103.122.211.215,GB,Success,Server-Linux
2026-07-04 09:57:17,admin,253.8.175.35,AU,Success,Laptop-macOS
2026-07-04 10:03:19,user_12,208.15.190.190,DE,Success,Laptop-macOS
2026-07-04 10:28:16,user_13,175.190.51.108,US,Success,Laptop-macOS
2026-07-04 10:58:41,user_14,55.244.64.249,DE,Success,Workstation-Windows
2026-07-04 11:48:02,user_13,175.190.51.108,US,Success,Workstation-Windows
2026-07-04 11:54:40,user_2,107.72.189.21,FR,Success,Mobile-iOS
2026-07-04 12:11:10,user_2,107.72.189.21,FR,Success,Mobile-iOS
2026-07-04 12:39:26,user_12,208.15.190.190,DE,Success,Workstation-Windows
2026-07-04 13:15:07,user_6,150.53.2.88,US,Success,Workstation-Windows
2026-07-04 13:35:06,user_8,192.188.21.161,JP,Success,Laptop-macOS
2026-07-04 14:16:41,user_19,53.130.84.92,AU,Success,Laptop-macOS
2026-07-04 14:25:50,admin,253.8.175.35,AU,Success,Mobile-iOS
2026-07-04 14:40:13,user_15,131.229.51.135,JP,Success,Mobile-Android
2026-07-04 14:50:30,user_17,132.89.60.14,AU,Success,Laptop-macOS
2026-07-04 15:09:38,user_5,100.104.152.131,US,Success,Server-Linux
2026-07-04 15:56:22,user_16,21.73.167.18,AU,Success,Laptop-macOS
2026-07-04 16:39:28,user_13,175.190.51.108,US,Success,Laptop-macOS
2026-07-04 16:56:03,user_7,236.158.38.130,GB,Success,Workstation-Windows
2026-07-04 17:37:16,user_20,111.188.199.172,IN,Success,Mobile-Android
2026-07-04 18:38:57,user_8,192.188.21.161,JP,Success,Server-Linux
2026-07-04 20:54:58,user_5,100.104.152.131,US,Success,Workstation-Windows
2026-07-04 21:33:09,user_18,242.250.9.90,US,Success,Workstation-Windows
2026-07-04 21:34:57,user_7,236.158.38.130,GB,Success,Workstation-Windows
2026-07-04 21:35:00,user_11,59.170.220.188,JP,Failed,Server-Linux
2026-07-04 21:42:11,user_9,204.58.22.253,IN,Success,Server-Linux
2026-07-04 21:48:08,user_13,175.190.51.108,US,Success,Mobile-iOS
2026-07-04 21:54:59,user_17,132.89.60.14,AU,Success,Workstation-Windows
2026-07-04 22:16:12,user_20,111.188.199.172,IN,Success,Server-Linux
2026-07-04 22:19:10,user_16,21.73.167.18,AU,Success,Server-Linux
2026-07-04 22:24:05,user_5,100.104.152.131,US,Success,Mobile-Android
2026-07-04 22:27:42,user_8,192.188.21.161,JP,Success,Laptop-macOS
2026-07-04 22:39:51,user_10,236.89.49.219,AU,Failed,Server-Linux
2026-07-04 22:41:45,user_3,103.122.211.215,GB,Success,Mobile-iOS
2026-07-04 22:43:02,user_5,100.104.152.131,US,Success,Server-Linux
2026-07-04 22:46:11,user_13,175.190.51.108,US,Success,Workstation-Windows
2026-07-04 22:46:34,user_15,131.229.51.135,JP,Success,Mobile-iOS
2026-07-04 22:55:15,user_9,204.58.22.253,IN,Success,Mobile-iOS
2026-07-04 23:04:53,user_11,59.170.220.188,JP,Success,Mobile-Android
2026-07-04 23:04:57,user_7,236.158.38.130,GB,Success,Server-Linux
2026-07-04 23:05:06,user_17,132.89.60.14,AU,Success,Mobile-iOS
2026-07-04 23:08:56,user_7,236.158.38.130,GB,Success,Mobile-iOS
2026-07-04 23:42:07,user_11,59.170.220.188,JP,Success,Laptop-macOS
2026-07-04 23:50:32,user_15,131.229.51.135,JP,Success,Mobile-Android
2026-07-05 00:06:13,user_18,242.250.9.90,US,Success,Laptop-macOS
2026-07-05 00:07:34,user_2,107.72.189.21,FR,Success,Mobile-iOS
2026-07-05 00:25:37,root,206.81.164.50,JP,Success,Workstation-Windows
2026-07-05 00:29:40,user_8,192.188.21.161,JP,Success,Server-Linux
2026-07-05 00:34:13,user_14,55.244.64.249,DE,Failed,Workstation-Windows
2026-07-05 00:40:38,root,206.81.164.50,JP,Success,Server-Linux
2026-07-05 01:07:47,user_11,59.170.220.188,JP,Success,Mobile-Android
2026-07-05 01:09:33,root,206.81.164.50,JP,Success,Laptop-macOS
2026-07-05 01:13:28,user_6,150.53.2.88,US,Success,Workstation-Windows
2026-07-05 01:27:15,user_13,175.190.51.108,US,Success,Mobile-Android
2026-07-05 01:43:48,user_19,53.130.84.92,AU,Success,Server-Linux
2026-07-05 01:46:36,admin,253.8.175.35,AU,Success,Server-Linux
2026-07-05 01:48:51,user_15,131.229.51.135,JP,Success,Workstation-Windows
2026-07-05 01:56:41,user_18,242.250.9.90,US,Success,Mobile-Android
2026-07-05 01:57:19,user_8,192.188.21.161,JP,Failed,Laptop-macOS
2026-07-05 02:03:35,user_14,55.244.64.249,DE,Success,Server-Linux
2026-07-05 02:04:53,user_18,242.250.9.90,US,Success,Mobile-iOS
2026-07-05 02:10:08,user_9,204.58.22.253,IN,Failed,Mobile-iOS
2026-07-05 02:13:09,user_7,236.158.38.130,GB,Failed,Mobile-Android
2026-07-05 02:14:00,user_5,100.104.152.131,US,Success,Workstation-Windows
2026-07-05 02:15:31,admin,253.8.175.35,AU,Success,Workstation-Windows
2026-07-05 02:15:40,user_3,103.122.211.215,GB,Success,Mobile-iOS
2026-07-05 02:19:55,user_16,21.73.167.18,AU,Failed,Workstation-Windows
2026-07-05 02:35:26,user_9,204.58.22.253,IN,Success,Mobile-iOS
2026-07-05 02:36:36,user_2,107.72.189.21,FR,Success,Mobile-iOS
2026-07-05 02:38:13,user_14,55.244.64.249,DE,Success,Laptop-macOS
2026-07-05 02:41:55,user_3,103.122.211.215,GB,Success,Workstation-Windows
2026-07-05 02:56:33,user_4,75.203.88.117,FR,Failed,Server-Linux
2026-07-05 02:58:40,user_13,175.190.51.108,US,Success,Mobile-Android
2026-07-05 03:01:32,user_11,59.170.220.188,JP,Success,Workstation-Windows
2026-07-05 03:03:34,user_17,132.89.60.14,AU,Success,Mobile-Android
2026-07-05 03:04:04,user_3,103.122.211.215,GB,Success,Server-Linux
2026-07-05 03:04:14,user_15,131.229.51.135,JP,Success,Mobile-Android
2026-07-05 03:07:12,root,206.81.164.50,JP,Success,Laptop-macOS
2026-07-05 03:13:46,user_7,236.158.38.130,GB,Success,Mobile-Android
2026-07-05 03:15:30,user_15,131.229.51.135,JP,Success,Mobile-Android
2026-07-05 03:24:33,user_7,236.158.38.130,GB,Success,Mobile-iOS
2026-07-05 03:26:20,user_5,100.104.152.131,US,Success,Mobile-iOS
2026-07-05 03:26:42,user_17,132.89.60.14,AU,Success,Workstation-Windows
2026-07-05 03:29:40,admin,253.8.175.35,AU,Success,Mobile-iOS
2026-07-05 03:37:09,user_10,236.89.49.219,AU,Success,Server-Linux
2026-07-05 03:37:12,admin,198.51.100.42,RU,Failed,Workstation-Windows
2026-07-05 03:37:17,admin,198.51.100.42,RU,Failed,Workstation-Windows
2026-07-05 03:37:22,admin,198.51.100.42,RU,Failed,Workstation-Windows
2026-07-05 03:37:27,admin,198.51.100.42,RU,Failed,Workstation-Windows
2026-07-05 03:37:32,admin,198.51.100.42,RU,Failed,Workstation-Windows
2026-07-05 03:37:37,admin,198.51.100.42,RU,Failed,Workstation-Windows
2026-07-05 03:37:42,admin,198.51.100.42,RU,Failed,Workstation-Windows
2026-07-05 03:37:47,admin,198.51.100.42,RU,Failed,Workstation-Windows
2026-07-05 03:37:52,admin,198.51.100.42,RU,Failed,Workstation-Windows
2026-07-05 03:37:57,admin,198.51.100.42,RU,Failed,Workstation-Windows
2026-07-05 03:38:02,admin,198.51.100.42,RU,Failed,Workstation-Windows
2026-07-05 03:38:07,admin,198.51.100.42,RU,Failed,Workstation-Windows
2026-07-05 03:38:12,admin,198.51.100.42,RU,Failed,Workstation-Windows
2026-07-05 03:38:17,admin,198.51.100.42,RU,Failed,Workstation-Windows
2026-07-05 03:38:19,user_13,175.190.51.108,US,Success,Server-Linux
2026-07-05 03:38:22,admin,198.51.100.42,RU,Failed,Workstation-Windows
2026-07-05 03:38:27,admin,198.51.100.42,RU,Failed,Workstation-Windows
2026-07-05 03:38:32,admin,198.51.100.42,RU,Failed,Workstation-Windows
2026-07-05 03:38:37,admin,198.51.100.42,RU,Failed,Workstation-Windows
2026-07-05 03:38:42,admin,198.51.100.42,RU,Failed,Workstation-Windows
2026-07-05 03:38:47,admin,198.51.100.42,RU,Failed,Workstation-Windows
2026-07-05 03:38:52,admin,198.51.100.42,RU,Failed,Workstation-Windows
2026-07-05 03:38:57,admin,198.51.100.42,RU,Failed,Workstation-Windows
2026-07-05 03:39:02,admin,198.51.100.42,RU,Failed,Workstation-Windows
2026-07-05 03:39:07,admin,198.51.100.42,RU,Failed,Workstation-Windows
2026-07-05 03:39:12,admin,198.51.100.42,RU,Failed,Workstation-Windows
2026-07-05 03:39:17,admin,198.51.100.42,RU,Failed,Workstation-Windows
2026-07-05 03:39:22,admin,198.51.100.42,RU,Failed,Workstation-Windows
2026-07-05 03:39:27,admin,198.51.100.42,RU,Failed,Workstation-Windows
2026-07-05 03:39:32,admin,198.51.100.42,RU,Failed,Workstation-Windows
2026-07-05 03:39:37,admin,198.51.100.42,RU,Failed,Workstation-Windows
2026-07-05 03:39:42,admin,198.51.100.42,RU,Failed,Workstation-Windows
2026-07-05 03:39:47,admin,198.51.100.42,RU,Failed,Workstation-Windows
2026-07-05 03:39:52,admin,198.51.100.42,RU,Failed,Workstation-Windows
2026-07-05 03:39:53,user_3,103.122.211.215,GB,Success,Mobile-Android
2026-07-05 03:39:57,admin,198.51.100.42,RU,Failed,Workstation-Windows
2026-07-05 03:40:02,admin,198.51.100.42,RU,Failed,Workstation-Windows
2026-07-05 03:40:07,admin,198.51.100.42,RU,Failed,Workstation-Windows
2026-07-05 03:40:12,admin,198.51.100.42,RU,Failed,Workstation-Windows
2026-07-05 03:40:17,admin,198.51.100.42,RU,Failed,Workstation-Windows
2026-07-05 03:40:22,admin,198.51.100.42,RU,Failed,Workstation-Windows
2026-07-05 03:40:27,admin,198.51.100.42,RU,Success,Workstation-Windows
2026-07-05 03:43:44,user_4,75.203.88.117,FR,Success,Laptop-macOS
2026-07-05 04:01:24,user_8,192.188.21.161,JP,Success,Workstation-Windows
2026-07-05 04:07:24,user_14,55.244.64.249,DE,Success,Mobile-iOS
2026-07-05 04:08:41,user_9,204.58.22.253,IN,Success,Laptop-macOS
2026-07-05 04:09:08,user_9,204.58.22.253,IN,Success,Workstation-Windows
2026-07-05 04:19:34,user_15,131.229.51.135,JP,Success,Workstation-Windows
2026-07-05 04:24:58,user_7,236.158.38.130,GB,Success,Mobile-Android
2026-07-05 04:45:37,user_7,236.158.38.130,GB,Success,Laptop-macOS
2026-07-05 04:46:14,db_backup,104.132.2.254,US,Success,Mobile-Android
2026-07-05 04:56:22,admin,253.8.175.35,AU,Success,Mobile-Android
2026-07-05 04:58:39,user_15,131.229.51.135,JP,Failed,Mobile-Android
2026-07-05 05:03:01,user_5,100.104.152.131,US,Success,Server-Linux
2026-07-05 05:10:16,user_5,100.104.152.131,US,Success,Workstation-Windows
2026-07-05 05:17:40,user_6,150.53.2.88,US,Success,Laptop-macOS
2026-07-05 05:21:26,root,206.81.164.50,JP,Success,Laptop-macOS
2026-07-05 05:26:35,user_20,111.188.199.172,IN,Success,Server-Linux
2026-07-05 05:30:15,user_14,55.244.64.249,DE,Success,Mobile-iOS
2026-07-05 05:52:39,user_16,21.73.167.18,AU,Success,Mobile-Android
2026-07-05 05:55:19,user_10,236.89.49.219,AU,Success,Mobile-Android
2026-07-05 06:06:02,user_4,75.203.88.117,FR,Success,Mobile-Android
2026-07-05 06:18:32,user_17,132.89.60.14,AU,Success,Server-Linux
2026-07-05 06:19:20,user_5,100.104.152.131,US,Success,Mobile-Android
2026-07-05 06:39:53,root,206.81.164.50,JP,Failed,Laptop-macOS
2026-07-05 06:43:21,user_4,75.203.88.117,FR,Success,Mobile-iOS
2026-07-05 06:47:44,admin,253.8.175.35,AU,Success,Workstation-Windows
2026-07-05 06:52:16,user_3,103.122.211.215,GB,Failed,Workstation-Windows
2026-07-05 07:08:37,user_9,204.58.22.253,IN,Success,Server-Linux
2026-07-05 07:15:06,user_6,150.53.2.88,US,Success,Mobile-iOS
2026-07-05 07:18:59,user_20,111.188.199.172,IN,Success,Server-Linux
2026-07-05 07:32:50,user_3,103.122.211.215,GB,Success,Mobile-Android
2026-07-05 07:37:48,user_4,75.203.88.117,FR,Success,Laptop-macOS
2026-07-05 07:50:56,root,206.81.164.50,JP,Success,Workstation-Windows
2026-07-05 07:52:10,user_10,236.89.49.219,AU,Success,Workstation-Windows
2026-07-05 07:52:15,user_9,204.58.22.253,IN,Success,Workstation-Windows
2026-07-05 08:09:12,user_8,192.188.21.161,JP,Success,Mobile-Android
2026-07-05 08:17:26,admin,253.8.175.35,AU,Success,Mobile-Android
2026-07-05 08:23:21,admin,253.8.175.35,AU,Success,Mobile-Android
2026-07-05 08:24:42,db_backup,104.132.2.254,US,Success,Mobile-Android
2026-07-05 08:59:39,db_backup,104.132.2.254,US,Success,Mobile-Android
2026-07-05 08:59:56,user_8,192.188.21.161,JP,Success,Server-Linux
2026-07-05 09:01:43,user_3,103.122.211.215,GB,Success,Workstation-Windows
2026-07-05 09:14:15,user_1,103.180.93.15,FR,Success,Mobile-Android
2026-07-05 09:19:46,root,206.81.164.50,JP,Failed,Mobile-iOS
2026-07-05 10:15:56,user_8,192.188.21.161,JP,Success,Mobile-Android
2026-07-05 10:29:33,admin,253.8.175.35,AU,Success,Laptop-macOS
2026-07-05 10:48:55,user_2,107.72.189.21,FR,Success,Server-Linux
2026-07-05 11:02:16,user_2,107.72.189.21,FR,Failed,Mobile-Android
2026-07-05 11:12:13,user_13,175.190.51.108,US,Success,Workstation-Windows
2026-07-05 11:20:01,user_2,107.72.189.21,FR,Success,Mobile-iOS
2026-07-05 12:46:00,user_2,107.72.189.21,FR,Success,Laptop-macOS
2026-07-05 13:03:40,user_14,55.244.64.249,DE,Success,Laptop-macOS
2026-07-05 13:06:04,user_8,192.188.21.161,JP,Failed,Server-Linux
2026-07-05 13:54:36,user_15,131.229.51.135,JP,Success,Mobile-iOS
2026-07-05 14:22:28,user_12,208.15.190.190,DE,Success,Laptop-macOS
2026-07-05 14:33:14,user_5,100.104.152.131,US,Success,Workstation-Windows
2026-07-05 14:51:10,user_14,55.244.64.249,DE,Success,Mobile-Android
2026-07-05 15:58:50,user_9,204.58.22.253,IN,Failed,Laptop-macOS
2026-07-05 16:20:19,user_8,192.188.21.161,JP,Success,Laptop-macOS
2026-07-05 16:24:30,user_12,208.15.190.190,DE,Success,Mobile-Android
2026-07-05 16:25:50,user_5,100.104.152.131,US,Success,Workstation-Windows
2026-07-05 17:44:48,admin,253.8.175.35,AU,Success,Laptop-macOS
2026-07-05 19:04:26,user_5,100.104.152.131,US,Success,Laptop-macOS
2026-07-05 19:20:02,user_4,75.203.88.117,FR,Success,Mobile-iOS
2026-07-05 19:21:08,user_16,21.73.167.18,AU,Success,Workstation-Windows
2026-07-05 20:20:06,db_backup,104.132.2.254,US,Success,Mobile-Android
2026-07-05 20:46:40,db_backup,104.132.2.254,US,Success,Mobile-iOS
2026-07-05 21:00:20,user_10,236.89.49.219,AU,Success,Workstation-Windows
2026-07-05 21:29:58,user_4,75.203.88.117,FR,Success,Laptop-macOS
2026-07-05 21:31:38,user_1,103.180.93.15,FR,Success,Workstation-Windows
2026-07-05 21:38:05,root,206.81.164.50,JP,Success,Laptop-macOS
2026-07-05 21:42:50,user_16,21.73.167.18,AU,Success,Workstation-Windows
2026-07-05 21:49:03,user_5,100.104.152.131,US,Success,Mobile-iOS
2026-07-05 21:58:47,user_10,236.89.49.219,AU,Success,Mobile-Android
2026-07-05 22:09:11,admin,253.8.175.35,AU,Success,Laptop-macOS
2026-07-05 22:10:11,user_4,75.203.88.117,FR,Success,Mobile-Android
2026-07-05 22:21:46,user_9,204.58.22.253,IN,Success,Server-Linux
2026-07-05 22:27:12,user_5,192.0.2.1,US,Success,Laptop-macOS
2026-07-05 22:30:34,user_7,236.158.38.130,GB,Success,Laptop-macOS
2026-07-05 22:33:57,user_10,236.89.49.219,AU,Success,Laptop-macOS
2026-07-05 22:35:06,root,206.81.164.50,JP,Success,Laptop-macOS
2026-07-05 22:36:37,db_backup,104.132.2.254,US,Success,Workstation-Windows
2026-07-05 22:42:12,user_5,203.0.113.88,CN,Success,Mobile-Android
2026-07-05 22:54:08,user_18,242.250.9.90,US,Success,Server-Linux
2026-07-05 22:56:20,db_backup,104.132.2.254,US,Success,Mobile-Android
2026-07-05 23:03:17,user_20,111.188.199.172,IN,Success,Server-Linux
2026-07-05 23:07:46,user_9,204.58.22.253,IN,Success,Laptop-macOS
2026-07-05 23:38:14,user_11,59.170.220.188,JP,Success,Laptop-macOS
2026-07-05 23:52:48,user_3,103.122.211.215,GB,Success,Mobile-iOS
2026-07-06 00:10:24,root,206.81.164.50,JP,Success,Server-Linux
2026-07-06 00:10:47,user_12,208.15.190.190,DE,Success,Server-Linux
2026-07-06 00:24:38,user_20,111.188.199.172,IN,Success,Laptop-macOS
2026-07-06 00:28:45,user_2,107.72.189.21,FR,Success,Workstation-Windows
2026-07-06 00:38:08,user_5,100.104.152.131,US,Success,Mobile-Android
2026-07-06 00:44:36,user_14,55.244.64.249,DE,Success,Mobile-iOS
2026-07-06 00:47:51,user_13,175.190.51.108,US,Success,Mobile-iOS
2026-07-06 01:06:00,user_9,204.58.22.253,IN,Success,Laptop-macOS
2026-07-06 01:24:42,user_3,103.122.211.215,GB,Success,Workstation-Windows
2026-07-06 01:33:54,user_16,21.73.167.18,AU,Success,Mobile-Android
2026-07-06 01:36:10,user_5,100.104.152.131,US,Success,Mobile-iOS
2026-07-06 01:38:50,user_18,242.250.9.90,US,Success,Mobile-Android
2026-07-06 01:48:59,user_12,208.15.190.190,DE,Success,Laptop-macOS
2026-07-06 01:49:48,user_12,208.15.190.190,DE,Success,Mobile-iOS
2026-07-06 02:06:11,user_10,236.89.49.219,AU,Failed,Laptop-macOS
2026-07-06 02:16:51,user_16,21.73.167.18,AU,Success,Server-Linux
2026-07-06 02:18:36,user_12,208.15.190.190,DE,Success,Workstation-Windows
2026-07-06 02:31:14,user_12,208.15.190.190,DE,Success,Workstation-Windows
2026-07-06 02:43:48,user_20,111.188.199.172,IN,Success,Mobile-iOS
2026-07-06 02:49:27,root,206.81.164.50,JP,Success,Server-Linux
2026-07-06 03:13:47,user_4,75.203.88.117,FR,Success,Laptop-macOS
2026-07-06 03:20:43,user_19,53.130.84.92,AU,Success,Mobile-iOS
2026-07-06 03:22:35,user_4,75.203.88.117,FR,Success,Workstation-Windows
2026-07-06 03:39:24,root,206.81.164.50,JP,Success,Mobile-iOS
2026-07-06 04:02:58,user_12,208.15.190.190,DE,Success,Mobile-iOS
2026-07-06 04:10:44,user_3,103.122.211.215,GB,Success,Server-Linux
2026-07-06 04:13:47,user_10,236.89.49.219,AU,Success,Workstation-Windows
2026-07-06 04:15:17,user_4,75.203.88.117,FR,Success,Laptop-macOS
2026-07-06 04:20:40,user_13,175.190.51.108,US,Success,Mobile-iOS
2026-07-06 04:21:28,user_11,59.170.220.188,JP,Success,Server-Linux
2026-07-06 04:23:36,admin,253.8.175.35,AU,Success,Server-Linux
2026-07-06 04:31:40,user_13,175.190.51.108,US,Success,Mobile-Android
2026-07-06 04:53:43,user_17,132.89.60.14,AU,Failed,Mobile-Android
2026-07-06 04:59:02,user_18,242.250.9.90,US,Success,Mobile-Android
2026-07-06 05:04:16,user_18,242.250.9.90,US,Success,Server-Linux
2026-07-06 05:11:02,user_7,236.158.38.130,GB,Success,Mobile-iOS
2026-07-06 05:26:10,user_6,150.53.2.88,US,Success,Laptop-macOS
2026-07-06 05:30:27,user_19,53.130.84.92,AU,Success,Laptop-macOS
2026-07-06 05:33:02,user_16,21.73.167.18,AU,Success,Workstation-Windows
2026-07-06 05:35:51,user_2,107.72.189.21,FR,Success,Workstation-Windows
2026-07-06 05:36:30,user_11,59.170.220.188,JP,Success,Laptop-macOS
2026-07-06 05:37:01,user_9,204.58.22.253,IN,Success,Workstation-Windows
2026-07-06 05:39:17,user_17,132.89.60.14,AU,Success,Laptop-macOS
2026-07-06 05:43:20,user_2,107.72.189.21,FR,Success,Mobile-Android
2026-07-06 05:48:54,root,206.81.164.50,JP,Success,Mobile-Android
2026-07-06 05:50:55,admin,253.8.175.35,AU,Success,Server-Linux
2026-07-06 06:02:14,user_7,236.158.38.130,GB,Failed,Server-Linux
2026-07-06 06:16:02,user_6,150.53.2.88,US,Success,Server-Linux
2026-07-06 06:22:14,user_12,208.15.190.190,DE,Success,Server-Linux
2026-07-06 06:29:48,user_17,132.89.60.14,AU,Success,Mobile-iOS
2026-07-06 06:30:36,user_13,175.190.51.108,US,Success,Server-Linux
2026-07-06 06:30:39,user_13,175.190.51.108,US,Success,Server-Linux
2026-07-06 06:46:17,user_18,242.250.9.90,US,Success,Laptop-macOS
2026-07-06 06:47:17,user_13,175.190.51.108,US,Success,Server-Linux
2026-07-06 06:49:48,user_4,75.203.88.117,FR,Success,Laptop-macOS
2026-07-06 07:09:14,db_backup,104.132.2.254,US,Success,Laptop-macOS
2026-07-06 07:10:32,user_13,175.190.51.108,US,Success,Mobile-iOS
2026-07-06 07:19:35,user_12,208.15.190.190,DE,Success,Mobile-iOS
2026-07-06 07:36:04,user_1,103.180.93.15,FR,Success,Mobile-iOS
2026-07-06 07:40:18,user_19,53.130.84.92,AU,Success,Mobile-Android
2026-07-06 07:47:27,user_12,208.15.190.190,DE,Success,Server-Linux
2026-07-06 08:03:23,user_20,111.188.199.172,IN,Failed,Mobile-Android
2026-07-06 08:08:10,user_20,111.188.199.172,IN,Success,Workstation-Windows
2026-07-06 08:12:42,user_19,53.130.84.92,AU,Success,Mobile-iOS
2026-07-06 08:14:17,user_2,107.72.189.21,FR,Failed,Mobile-Android
2026-07-06 08:15:46,user_10,236.89.49.219,AU,Success,Workstation-Windows
2026-07-06 08:18:34,user_10,236.89.49.219,AU,Success,Mobile-iOS
2026-07-06 08:23:02,user_13,175.190.51.108,US,Success,Workstation-Windows
2026-07-06 08:32:37,user_1,103.180.93.15,FR,Failed,Workstation-Windows
2026-07-06 08:39:43,user_7,236.158.38.130,GB,Success,Server-Linux
2026-07-06 08:47:07,user_1,103.180.93.15,FR,Success,Mobile-Android
2026-07-06 08:50:53,user_8,192.188.21.161,JP,Success,Server-Linux
2026-07-06 08:57:09,user_14,55.244.64.249,DE,Failed,Mobile-iOS
2026-07-06 09:01:30,root,206.81.164.50,JP,Success,Server-Linux
2026-07-06 09:17:37,root,206.81.164.50,JP,Success,Mobile-iOS
2026-07-06 09:42:46,user_12,208.15.190.190,DE,Success,Mobile-iOS
2026-07-06 09:54:25,user_12,208.15.190.190,DE,Success,Workstation-Windows
2026-07-06 10:05:42,user_11,59.170.220.188,JP,Success,Laptop-macOS
2026-07-06 11:10:10,user_18,242.250.9.90,US,Success,Mobile-iOS
2026-07-06 11:28:41,user_16,21.73.167.18,AU,Success,Mobile-iOS
2026-07-06 11:32:02,user_14,55.244.64.249,DE,Success,Laptop-macOS
2026-07-06 11:33:39,user_5,100.104.152.131,US,Success,Mobile-iOS
2026-07-06 11:35:05,user_12,208.15.190.190,DE,Success,Mobile-Android
2026-07-06 12:08:46,user_3,103.122.211.215,GB,Success,Mobile-Android
2026-07-06 12:14:07,db_backup,104.132.2.254,US,Success,Mobile-iOS
2026-07-06 12:35:12,user_5,100.104.152.131,US,Success,Server-Linux
2026-07-06 12:44:13,user_19,53.130.84.92,AU,Success,Server-Linux
2026-07-06 13:29:56,user_7,236.158.38.130,GB,Success,Mobile-Android
2026-07-06 14:08:31,admin,253.8.175.35,AU,Success,Mobile-Android
2026-07-06 14:25:03,root,206.81.164.50,JP,Success,Workstation-Windows
2026-07-06 14:47:32,user_17,132.89.60.14,AU,Success,Mobile-Android
2026-07-06 15:14:17,user_3,103.122.211.215,GB,Success,Server-Linux
2026-07-06 16:23:13,root,206.81.164.50,JP,Success,Workstation-Windows
2026-07-06 16:40:47,user_3,103.122.211.215,GB,Success,Workstation-Windows
2026-07-06 17:33:09,user_17,132.89.60.14,AU,Success,Workstation-Windows
2026-07-06 17:50:44,user_19,53.130.84.92,AU,Success,Workstation-Windows
2026-07-06 18:00:33,user_20,111.188.199.172,IN,Success,Mobile-iOS
2026-07-06 18:08:08,user_20,111.188.199.172,IN,Failed,Server-Linux
2026-07-06 18:30:10,user_7,236.158.38.130,GB,Success,Laptop-macOS
2026-07-06 19:08:20,user_2,107.72.189.21,FR,Success,Mobile-iOS
2026-07-06 19:42:12,user_19,53.130.84.92,AU,Success,Workstation-Windows
2026-07-06 19:59:28,user_4,75.203.88.117,FR,Success,Laptop-macOS
2026-07-06 20:07:36,user_10,236.89.49.219,AU,Success,Workstation-Windows
2026-07-06 20:36:27,user_7,236.158.38.130,GB,Success,Mobile-iOS
2026-07-06 20:52:02,user_20,111.188.199.172,IN,Success,Server-Linux
2026-07-06 21:21:38,user_2,107.72.189.21,FR,Success,Mobile-iOS
2026-07-06 21:21:38,user_13,175.190.51.108,US,Success,Laptop-macOS
2026-07-06 21:31:52,user_10,236.89.49.219,AU,Failed,Server-Linux
2026-07-06 21:43:40,user_16,21.73.167.18,AU,Success,Mobile-iOS
2026-07-06 21:50:09,user_7,236.158.38.130,GB,Success,Mobile-Android
2026-07-06 21:51:59,db_backup,104.132.2.254,US,Success,Laptop-macOS
2026-07-06 21:51:59,user_14,55.244.64.249,DE,Success,Laptop-macOS
2026-07-06 21:53:47,user_13,175.190.51.108,US,Success,Mobile-Android
2026-07-06 21:57:41,root,206.81.164.50,JP,Success,Laptop-macOS
2026-07-06 22:01:36,user_6,150.53.2.88,US,Success,Mobile-Android
2026-07-06 22:25:30,user_17,132.89.60.14,AU,Success,Mobile-Android
2026-07-06 22:30:36,user_5,100.104.152.131,US,Success,Server-Linux
2026-07-06 22:33:29,user_20,111.188.199.172,IN,Success,Workstation-Windows
2026-07-06 22:36:16,db_backup,104.132.2.254,US,Failed,Workstation-Windows
2026-07-06 22:42:47,root,206.81.164.50,JP,Success,Mobile-Android
2026-07-06 22:55:01,user_17,132.89.60.14,AU,Success,Server-Linux
2026-07-06 23:13:19,user_17,132.89.60.14,AU,Success,Server-Linux
2026-07-06 23:15:54,user_5,100.104.152.131,US,Success,Mobile-iOS
2026-07-06 23:21:46,user_16,21.73.167.18,AU,Success,Server-Linux
2026-07-06 23:21:48,user_16,21.73.167.18,AU,Success,Laptop-macOS
2026-07-06 23:46:40,user_18,242.250.9.90,US,Success,Laptop-macOS
2026-07-06 23:56:12,user_17,132.89.60.14,AU,Success,Workstation-Windows
2026-07-07 00:08:00,admin,253.8.175.35,AU,Success,Laptop-macOS
2026-07-07 00:10:58,root,206.81.164.50,JP,Success,Mobile-iOS
2026-07-07 00:19:13,user_7,236.158.38.130,GB,Success,Mobile-Android
2026-07-07 00:20:54,root,206.81.164.50,JP,Failed,Workstation-Windows
2026-07-07 00:39:56,user_4,75.203.88.117,FR,Success,Mobile-iOS
2026-07-07 00:49:14,user_18,242.250.9.90,US,Success,Server-Linux
2026-07-07 00:50:19,user_7,236.158.38.130,GB,Success,Mobile-iOS
2026-07-07 00:55:14,user_1,103.180.93.15,FR,Success,Workstation-Windows
2026-07-07 01:13:08,user_9,204.58.22.253,IN,Success,Mobile-iOS
2026-07-07 01:27:08,user_7,236.158.38.130,GB,Failed,Server-Linux
2026-07-07 01:31:29,user_2,107.72.189.21,FR,Success,Laptop-macOS
2026-07-07 01:32:49,user_2,107.72.189.21,FR,Success,Server-Linux
2026-07-07 01:35:35,user_17,132.89.60.14,AU,Success,Laptop-macOS
2026-07-07 01:45:44,user_11,59.170.220.188,JP,Success,Workstation-Windows
2026-07-07 01:47:03,user_20,111.188.199.172,IN,Success,Server-Linux
2026-07-07 02:29:18,user_8,192.188.21.161,JP,Success,Mobile-iOS
2026-07-07 02:38:58,user_19,53.130.84.92,AU,Failed,Laptop-macOS
2026-07-07 02:39:54,user_13,175.190.51.108,US,Success,Laptop-macOS
2026-07-07 02:47:43,user_8,192.188.21.161,JP,Success,Workstation-Windows
2026-07-07 02:57:35,user_6,150.53.2.88,US,Success,Mobile-Android
2026-07-07 03:13:05,user_16,21.73.167.18,AU,Success,Mobile-iOS
2026-07-07 03:43:28,user_15,131.229.51.135,JP,Success,Mobile-Android
2026-07-07 03:58:43,user_15,131.229.51.135,JP,Success,Workstation-Windows
2026-07-07 04:03:33,user_7,236.158.38.130,GB,Success,Mobile-iOS
2026-07-07 04:14:11,user_7,236.158.38.130,GB,Success,Mobile-iOS
2026-07-07 04:20:12,user_10,236.89.49.219,AU,Success,Mobile-Android
2026-07-07 04:23:16,admin,253.8.175.35,AU,Success,Server-Linux
2026-07-07 04:35:56,user_16,21.73.167.18,AU,Success,Laptop-macOS
2026-07-07 04:49:58,user_11,59.170.220.188,JP,Success,Laptop-macOS
2026-07-07 04:50:26,user_13,175.190.51.108,US,Success,Laptop-macOS
2026-07-07 04:55:59,user_17,132.89.60.14,AU,Success,Laptop-macOS
2026-07-07 05:02:58,db_backup,104.132.2.254,US,Success,Server-Linux
2026-07-07 05:10:30,user_6,150.53.2.88,US,Success,Mobile-Android
2026-07-07 05:10:32,user_4,75.203.88.117,FR,Success,Laptop-macOS
2026-07-07 05:21:43,user_20,111.188.199.172,IN,Success,Workstation-Windows
2026-07-07 05:22:39,user_11,59.170.220.188,JP,Success,Mobile-iOS
2026-07-07 05:22:57,user_2,107.72.189.21,FR,Success,Mobile-iOS
2026-07-07 05:28:08,db_backup,104.132.2.254,US,Success,Mobile-Android
2026-07-07 05:40:42,user_11,59.170.220.188,JP,Success,Mobile-Android
2026-07-07 05:42:23,root,206.81.164.50,JP,Success,Laptop-macOS
2026-07-07 05:46:17,user_20,111.188.199.172,IN,Success,Mobile-Android
2026-07-07 05:56:28,user_12,208.15.190.190,DE,Success,Laptop-macOS
2026-07-07 05:59:28,user_15,131.229.51.135,JP,Success,Mobile-iOS
2026-07-07 06:02:56,user_9,204.58.22.253,IN,Success,Mobile-iOS
2026-07-07 06:06:13,user_17,132.89.60.14,AU,Failed,Laptop-macOS
2026-07-07 06:14:40,user_18,242.250.9.90,US,Success,Workstation-Windows
2026-07-07 06:20:22,root,206.81.164.50,JP,Success,Server-Linux
2026-07-07 06:20:51,root,206.81.164.50,JP,Success,Mobile-iOS
2026-07-07 06:27:21,user_17,132.89.60.14,AU,Success,Laptop-macOS
2026-07-07 06:28:57,user_11,59.170.220.188,JP,Success,Mobile-iOS
2026-07-07 06:36:47,root,206.81.164.50,JP,Success,Workstation-Windows
2026-07-07 06:44:24,user_14,55.244.64.249,DE,Success,Mobile-Android
2026-07-07 07:09:36,admin,253.8.175.35,AU,Failed,Mobile-Android
2026-07-07 07:09:57,user_13,175.190.51.108,US,Success,Workstation-Windows
2026-07-07 07:16:55,user_15,131.229.51.135,JP,Success,Mobile-iOS
2026-07-07 07:24:23,user_10,236.89.49.219,AU,Success,Server-Linux
2026-07-07 07:30:39,user_20,111.188.199.172,IN,Success,Mobile-iOS
2026-07-07 07:41:43,user_7,236.158.38.130,GB,Failed,Server-Linux
2026-07-07 07:45:05,user_3,103.122.211.215,GB,Success,Workstation-Windows
2026-07-07 07:45:23,user_16,21.73.167.18,AU,Success,Server-Linux
2026-07-07 07:45:41,user_2,107.72.189.21,FR,Success,Mobile-Android
2026-07-07 08:01:19,user_14,55.244.64.249,DE,Success,Mobile-Android
2026-07-07 08:02:00,user_3,103.122.211.215,GB,Success,Mobile-Android
2026-07-07 08:03:43,user_17,132.89.60.14,AU,Success,Laptop-macOS
2026-07-07 08:05:15,root,206.81.164.50,JP,Failed,Server-Linux
2026-07-07 08:10:45,user_14,55.244.64.249,DE,Success,Mobile-Android
2026-07-07 08:14:27,user_5,100.104.152.131,US,Success,Mobile-Android
2026-07-07 08:29:56,user_10,236.89.49.219,AU,Success,Mobile-iOS
2026-07-07 08:31:48,user_17,132.89.60.14,AU,Success,Laptop-macOS
2026-07-07 08:50:39,user_11,59.170.220.188,JP,Success,Mobile-Android
2026-07-07 08:50:58,user_16,21.73.167.18,AU,Success,Mobile-iOS
2026-07-07 08:59:34,user_6,150.53.2.88,US,Success,Mobile-Android
2026-07-07 09:01:55,user_5,100.104.152.131,US,Success,Laptop-macOS
2026-07-07 09:04:28,user_9,204.58.22.253,IN,Success,Server-Linux
2026-07-07 09:05:40,user_8,192.188.21.161,JP,Success,Workstation-Windows
2026-07-07 09:11:14,db_backup,104.132.2.254,US,Success,Mobile-Android
2026-07-07 09:16:43,root,206.81.164.50,JP,Success,Laptop-macOS
2026-07-07 09:20:34,user_1,103.180.93.15,FR,Success,Server-Linux
2026-07-07 09:21:21,user_1,103.180.93.15,FR,Success,Mobile-iOS
2026-07-07 09:51:09,user_3,103.122.211.215,GB,Success,Mobile-Android
2026-07-07 09:56:58,user_2,107.72.189.21,FR,Success,Workstation-Windows
2026-07-07 09:59:48,user_20,111.188.199.172,IN,Success,Mobile-iOS
2026-07-07 10:01:04,root,206.81.164.50,JP,Success,Mobile-Android
2026-07-07 10:06:19,user_5,100.104.152.131,US,Success,Mobile-Android
2026-07-07 10:06:29,user_3,103.122.211.215,GB,Failed,Mobile-iOS
2026-07-07 10:38:34,user_2,107.72.189.21,FR,Success,Workstation-Windows
2026-07-07 10:59:25,user_11,59.170.220.188,JP,Success,Mobile-Android
2026-07-07 11:15:34,user_3,103.122.211.215,GB,Success,Mobile-Android
2026-07-07 12:23:02,db_backup,104.132.2.254,US,Success,Laptop-macOS
2026-07-07 12:55:19,user_3,103.122.211.215,GB,Success,Workstation-Windows
2026-07-07 13:13:25,user_5,100.104.152.131,US,Success,Server-Linux
2026-07-07 13:23:58,user_17,132.89.60.14,AU,Success,Mobile-Android
2026-07-07 13:24:36,user_9,204.58.22.253,IN,Success,Workstation-Windows
2026-07-07 14:30:00,user_8,192.188.21.161,JP,Success,Workstation-Windows
2026-07-07 16:31:07,user_3,103.122.211.215,GB,Success,Server-Linux
2026-07-07 16:41:07,db_backup,104.132.2.254,US,Success,Workstation-Windows
2026-07-07 16:43:56,user_17,132.89.60.14,AU,Success,Server-Linux
2026-07-07 17:36:57,user_17,132.89.60.14,AU,Success,Laptop-macOS
2026-07-07 18:28:37,user_12,208.15.190.190,DE,Success,Mobile-Android
2026-07-07 19:33:07,user_20,111.188.199.172,IN,Success,Mobile-iOS
2026-07-07 19:40:22,user_16,21.73.167.18,AU,Success,Mobile-iOS
2026-07-07 20:05:24,user_17,132.89.60.14,AU,Success,Laptop-macOS
2026-07-07 20:33:22,user_8,192.188.21.161,JP,Success,Mobile-iOS
2026-07-07 20:48:25,user_3,103.122.211.215,GB,Success,Server-Linux
2026-07-07 20:53:57,user_3,103.122.211.215,GB,Success,Laptop-macOS
2026-07-07 21:15:53,user_10,236.89.49.219,AU,Success,Server-Linux
2026-07-07 21:29:24,user_8,192.188.21.161,JP,Success,Server-Linux
2026-07-07 21:36:25,user_2,107.72.189.21,FR,Success,Server-Linux
2026-07-07 21:39:29,user_10,236.89.49.219,AU,Failed,Laptop-macOS
2026-07-07 21:43:35,root,206.81.164.50,JP,Success,Mobile-Android
2026-07-07 21:43:52,root,206.81.164.50,JP,Success,Server-Linux
2026-07-07 21:58:57,user_9,204.58.22.253,IN,Success,Server-Linux
2026-07-07 22:06:23,user_2,107.72.189.21,FR,Success,Mobile-iOS
2026-07-07 22:15:00,root,206.81.164.50,JP,Success,Workstation-Windows
2026-07-07 22:22:57,user_18,242.250.9.90,US,Success,Mobile-iOS
2026-07-07 22:36:10,user_9,204.58.22.253,IN,Failed,Mobile-Android
2026-07-07 22:41:32,user_3,103.122.211.215,GB,Success,Mobile-Android
2026-07-07 22:42:20,user_18,242.250.9.90,US,Success,Server-Linux
2026-07-07 22:46:33,user_11,59.170.220.188,JP,Success,Mobile-Android
2026-07-07 23:04:50,user_13,175.190.51.108,US,Success,Mobile-Android
2026-07-07 23:09:21,user_15,131.229.51.135,JP,Success,Laptop-macOS
2026-07-07 23:11:36,user_9,204.58.22.253,IN,Success,Mobile-Android
2026-07-07 23:30:43,user_7,236.158.38.130,GB,Success,Laptop-macOS
2026-07-07 23:31:36,user_6,150.53.2.88,US,Success,Laptop-macOS
2026-07-07 23:36:37,user_19,53.130.84.92,AU,Success,Server-Linux
2026-07-07 23:40:49,user_4,75.203.88.117,FR,Success,Mobile-Android
2026-07-07 23:41:17,user_6,150.53.2.88,US,Success,Mobile-Android
2026-07-07 23:47:30,admin,253.8.175.35,AU,Success,Workstation-Windows
2026-07-07 23:49:25,user_1,103.180.93.15,FR,Success,Server-Linux
2026-07-07 23:53:13,user_10,236.89.49.219,AU,Success,Server-Linux
2026-07-07 23:55:58,user_10,236.89.49.219,AU,Success,Laptop-macOS
2026-07-07 23:59:36,user_19,53.130.84.92,AU,Success,Server-Linux
2026-07-08 00:04:32,root,206.81.164.50,JP,Success,Server-Linux
2026-07-08 00:17:34,user_15,131.229.51.135,JP,Success,Mobile-Android
2026-07-08 00:27:26,root,206.81.164.50,JP,Success,Mobile-iOS
2026-07-08 00:40:43,user_13,175.190.51.108,US,Success,Laptop-macOS
2026-07-08 00:43:37,user_12,208.15.190.190,DE,Success,Laptop-macOS
2026-07-08 00:46:21,user_19,53.130.84.92,AU,Success,Server-Linux
2026-07-08 00:55:25,user_13,175.190.51.108,US,Success,Mobile-Android
2026-07-08 00:56:10,admin,253.8.175.35,AU,Success,Workstation-Windows
2026-07-08 00:58:43,root,206.81.164.50,JP,Success,Server-Linux
2026-07-08 01:00:13,user_16,21.73.167.18,AU,Success,Mobile-Android
2026-07-08 01:07:10,user_14,55.244.64.249,DE,Failed,Server-Linux
2026-07-08 01:13:03,user_7,236.158.38.130,GB,Success,Server-Linux
2026-07-08 01:15:23,user_18,242.250.9.90,US,Success,Laptop-macOS
2026-07-08 01:19:53,user_11,59.170.220.188,JP,Success,Mobile-Android
2026-07-08 01:25:25,user_5,100.104.152.131,US,Success,Server-Linux
2026-07-08 01:27:24,admin,253.8.175.35,AU,Success,Laptop-macOS
2026-07-08 01:31:24,user_12,208.15.190.190,DE,Success,Mobile-iOS
2026-07-08 01:33:51,user_14,55.244.64.249,DE,Success,Mobile-iOS
2026-07-08 01:34:12,user_1,103.180.93.15,FR,Success,Mobile-Android
2026-07-08 01:56:17,user_2,107.72.189.21,FR,Success,Mobile-iOS
2026-07-08 01:56:50,user_16,21.73.167.18,AU,Success,Laptop-macOS
2026-07-08 02:04:14,user_16,21.73.167.18,AU,Success,Mobile-Android
2026-07-08 02:10:31,user_15,131.229.51.135,JP,Failed,Workstation-Windows
2026-07-08 02:34:38,user_20,111.188.199.172,IN,Success,Server-Linux
2026-07-08 02:41:29,user_4,75.203.88.117,FR,Success,Laptop-macOS
2026-07-08 02:44:10,user_7,236.158.38.130,GB,Success,Workstation-Windows
2026-07-08 02:47:24,db_backup,104.132.2.254,US,Success,Workstation-Windows
2026-07-08 02:58:53,user_14,55.244.64.249,DE,Success,Mobile-Android
2026-07-08 03:04:35,user_5,100.104.152.131,US,Success,Laptop-macOS
2026-07-08 03:06:12,user_20,111.188.199.172,IN,Success,Mobile-Android
2026-07-08 03:20:53,user_15,131.229.51.135,JP,Success,Workstation-Windows
2026-07-08 03:24:22,user_20,111.188.199.172,IN,Success,Laptop-macOS
2026-07-08 03:34:02,user_14,55.244.64.249,DE,Success,Mobile-Android
2026-07-08 03:58:04,user_3,103.122.211.215,GB,Success,Workstation-Windows
2026-07-08 04:17:29,user_7,236.158.38.130,GB,Success,Mobile-iOS
2026-07-08 04:20:35,user_13,175.190.51.108,US,Success,Mobile-Android
2026-07-08 04:22:08,user_20,111.188.199.172,IN,Success,Server-Linux
2026-07-08 04:37:50,user_8,192.188.21.161,JP,Success,Workstation-Windows
2026-07-08 04:54:33,user_5,100.104.152.131,US,Success,Mobile-Android
2026-07-08 05:03:23,user_4,75.203.88.117,FR,Success,Laptop-macOS
2026-07-08 05:03:43,user_6,150.53.2.88,US,Success,Workstation-Windows
2026-07-08 05:14:38,user_10,236.89.49.219,AU,Success,Mobile-Android
2026-07-08 05:24:45,user_14,55.244.64.249,DE,Success,Mobile-iOS
2026-07-08 05:39:04,user_5,100.104.152.131,US,Success,Laptop-macOS
2026-07-08 05:49:32,db_backup,104.132.2.254,US,Failed,Laptop-macOS
2026-07-08 05:50:01,user_11,59.170.220.188,JP,Success,Mobile-Android
2026-07-08 06:00:57,user_4,75.203.88.117,FR,Success,Mobile-iOS
2026-07-08 06:01:13,user_3,103.122.211.215,GB,Success,Mobile-Android
2026-07-08 06:02:02,user_16,21.73.167.18,AU,Success,Mobile-iOS
2026-07-08 06:08:37,user_11,59.170.220.188,JP,Success,Mobile-Android
2026-07-08 06:23:57,admin,253.8.175.35,AU,Failed,Mobile-Android
2026-07-08 06:30:24,user_9,204.58.22.253,IN,Success,Server-Linux
2026-07-08 06:34:19,user_8,192.188.21.161,JP,Success,Laptop-macOS
2026-07-08 06:35:10,user_8,192.188.21.161,JP,Success,Server-Linux
2026-07-08 06:38:09,user_15,131.229.51.135,JP,Success,Mobile-Android
2026-07-08 06:56:15,user_14,55.244.64.249,DE,Success,Mobile-Android
2026-07-08 06:59:05,user_1,103.180.93.15,FR,Success,Laptop-macOS
2026-07-08 07:06:48,user_20,111.188.199.172,IN,Success,Workstation-Windows
2026-07-08 07:09:11,user_6,150.53.2.88,US,Failed,Laptop-macOS
2026-07-08 07:13:34,user_1,103.180.93.15,FR,Success,Mobile-Android
2026-07-08 07:21:42,user_9,204.58.22.253,IN,Success,Laptop-macOS
2026-07-08 07:22:39,user_4,75.203.88.117,FR,Success,Mobile-Android
2026-07-08 07:25:09,db_backup,104.132.2.254,US,Success,Mobile-iOS
2026-07-08 07:26:48,user_18,242.250.9.90,US,Success,Mobile-iOS
2026-07-08 07:30:38,user_17,132.89.60.14,AU,Success,Mobile-iOS
2026-07-08 07:36:14,user_4,75.203.88.117,FR,Success,Server-Linux
2026-07-08 07:43:39,user_15,131.229.51.135,JP,Failed,Mobile-iOS
2026-07-08 07:50:48,user_8,192.188.21.161,JP,Success,Mobile-Android
2026-07-08 07:51:05,user_8,192.188.21.161,JP,Success,Mobile-iOS
2026-07-08 07:55:44,user_19,53.130.84.92,AU,Success,Laptop-macOS
2026-07-08 08:14:53,user_16,21.73.167.18,AU,Success,Workstation-Windows
2026-07-08 08:15:20,user_3,103.122.211.215,GB,Failed,Server-Linux
2026-07-08 08:24:50,user_7,236.158.38.130,GB,Success,Mobile-iOS
2026-07-08 09:43:50,db_backup,104.132.2.254,US,Success,Server-Linux
2026-07-08 10:31:46,user_10,236.89.49.219,AU,Failed,Laptop-macOS
2026-07-08 11:15:50,user_5,100.104.152.131,US,Success,Laptop-macOS
